indicator,timestamp,value,open_value,change_abs,change_pct,unit,source,status
brent,2025-12-02,62.45000076293945,63.29999923706055,-0.8499984741210938,-1.3428096119524773,USD/bbl,yfinance,ok
brent,2025-12-03,62.66999816894531,62.43000030517578,0.2399978637695312,0.3844271385493396,USD/bbl,yfinance,ok
brent,2025-12-04,63.2599983215332,62.7599983215332,0.5,0.7966858084322925,USD/bbl,yfinance,ok
brent,2025-12-05,63.75,63.29999923706055,0.4500007629394531,0.7109016877775712,USD/bbl,yfinance,ok
brent,2025-12-08,62.4900016784668,63.900001525878906,-1.4099998474121094,-2.206572478470243,USD/bbl,yfinance,ok
brent,2025-12-09,61.93999862670898,62.5,-0.5600013732910156,-0.8960021972656249,USD/bbl,yfinance,ok
brent,2025-12-10,62.209999084472656,62.13999938964844,0.0699996948242187,0.1126483674151429,USD/bbl,yfinance,ok
brent,2025-12-11,61.27999877929688,62.619998931884766,-1.3400001525878906,-2.139891688668796,USD/bbl,yfinance,ok
brent,2025-12-12,61.119998931884766,61.59999847412109,-0.4799995422363281,-0.7792200553998094,USD/bbl,yfinance,ok
brent,2025-12-15,60.560001373291016,61.15999984741211,-0.5999984741210938,-0.9810308626848072,USD/bbl,yfinance,ok
brent,2025-12-16,58.91999816894531,60.33000183105469,-1.410003662109375,-2.3371516978532227,USD/bbl,yfinance,ok
brent,2025-12-17,59.68000030517578,58.93999862670898,0.7400016784667969,1.2555169591257185,USD/bbl,yfinance,ok
brent,2025-12-18,59.81999969482422,60.63999938964844,-0.8199996948242188,-1.3522422544156505,USD/bbl,yfinance,ok
brent,2025-12-19,60.470001220703125,59.77000045776367,0.7000007629394531,1.1711573658663548,USD/bbl,yfinance,ok
brent,2025-12-22,62.06999969482422,60.56999969482422,1.5,2.4764735142109915,USD/bbl,yfinance,ok
brent,2025-12-23,62.380001068115234,61.9900016784668,0.3899993896484375,0.6291327296155081,USD/bbl,yfinance,ok
brent,2025-12-24,62.2400016784668,62.43000030517578,-0.1899986267089843,-0.3043386605481603,USD/bbl,yfinance,ok
brent,2025-12-26,60.63999938964844,62.34999847412109,-1.7099990844726562,-2.742580796024247,USD/bbl,yfinance,ok
brent,2025-12-29,61.93999862670898,61.040000915527344,0.8999977111816406,1.474439216387199,USD/bbl,yfinance,ok
brent,2025-12-30,61.91999816894531,61.70000076293945,0.2199974060058593,0.356559810835533,USD/bbl,yfinance,ok
brent,2025-12-31,60.84999847412109,61.27000045776367,-0.4200019836425781,-0.6854936845187483,USD/bbl,yfinance,ok
brent,2026-01-02,60.75,60.91999816894531,-0.1699981689453125,-0.2790515004184144,USD/bbl,yfinance,ok
brent,2026-01-05,61.7599983215332,60.88999938964844,0.8699989318847656,1.4288043038355969,USD/bbl,yfinance,ok
brent,2026-01-06,60.70000076293945,61.790000915527344,-1.0900001525878906,-1.7640397093989717,USD/bbl,yfinance,ok
brent,2026-01-07,59.959999084472656,60.61000061035156,-0.6500015258789062,-1.0724327987680182,USD/bbl,yfinance,ok
brent,2026-01-08,61.9900016784668,60.34999847412109,1.6400032043457031,2.7174867370526266,USD/bbl,yfinance,ok
brent,2026-01-09,63.34000015258789,62.66999816894531,0.6700019836425781,1.0690952660256854,USD/bbl,yfinance,ok
brent,2026-01-12,63.869998931884766,63.40999984741211,0.4599990844726562,0.7254361860583253,USD/bbl,yfinance,ok
brent,2026-01-13,65.47000122070312,64.16999816894531,1.3000030517578125,2.025873599583397,USD/bbl,yfinance,ok
brent,2026-01-14,66.5199966430664,65.44000244140625,1.0799942016601562,1.6503578260516765,USD/bbl,yfinance,ok
brent,2026-01-15,63.7599983215332,65.69000244140625,-1.9300041198730469,-2.9380484824834032,USD/bbl,yfinance,ok
brent,2026-01-16,64.12999725341797,63.79999923706055,0.3299980163574219,0.5172382763379887,USD/bbl,yfinance,ok
brent,2026-01-20,64.91999816894531,63.560001373291016,1.3599967956542969,2.139705422073497,USD/bbl,yfinance,ok
brent,2026-01-21,65.23999786376953,64.01000213623047,1.2299957275390625,1.921568015138168,USD/bbl,yfinance,ok
brent,2026-01-22,64.05999755859375,65.13999938964844,-1.0800018310546875,-1.6579702812006984,USD/bbl,yfinance,ok
brent,2026-01-23,65.87999725341797,64.27999877929688,1.5999984741210938,2.4891078165925804,USD/bbl,yfinance,ok
brent,2026-01-26,65.58999633789062,66.06999969482422,-0.4800033569335937,-0.7265072788719813,USD/bbl,yfinance,ok
brent,2026-01-27,67.56999969482422,65.7300033569336,1.839996337890625,2.79932488044903,USD/bbl,yfinance,ok
brent,2026-01-28,68.4000015258789,67.7699966430664,0.6300048828125,0.9296221248624722,USD/bbl,yfinance,ok
brent,2026-01-29,70.70999908447266,68.66999816894531,2.040000915527344,2.9707309886748985,USD/bbl,yfinance,ok
brent,2026-01-30,70.69000244140625,70.16000366210938,0.529998779296875,0.7554144122473959,USD/bbl,yfinance,ok
brent,2026-02-02,66.30000305175781,68.72000122070312,-2.4199981689453125,-3.521533943477645,USD/bbl,yfinance,ok
brent,2026-02-03,67.33000183105469,66.30000305175781,1.029998779296875,1.553542582030947,USD/bbl,yfinance,ok
brent,2026-02-04,69.45999908447266,67.94000244140625,1.5199966430664062,2.237263156381695,USD/bbl,yfinance,ok
brent,2026-02-05,67.55000305175781,68.83000183105469,-1.279998779296875,-1.8596523975673729,USD/bbl,yfinance,ok
brent,2026-02-06,68.05000305175781,67.41000366210938,0.6399993896484375,0.9494130765166774,USD/bbl,yfinance,ok
brent,2026-02-09,69.04000091552734,67.51000213623047,1.529998779296875,2.266329034043644,USD/bbl,yfinance,ok
brent,2026-02-10,68.80000305175781,69.1500015258789,-0.3499984741210937,-0.5061438415010147,USD/bbl,yfinance,ok
brent,2026-02-11,69.4000015258789,69.11000061035156,0.2900009155273437,0.4196222152599811,USD/bbl,yfinance,ok
brent,2026-02-12,67.5199966430664,69.63999938964844,-2.1200027465820312,-3.0442314261380607,USD/bbl,yfinance,ok
brent,2026-02-13,67.75,67.58999633789062,0.160003662109375,0.2367268394415901,USD/bbl,yfinance,ok
brent,2026-02-17,67.41999816894531,68.05999755859375,-0.6399993896484375,-0.9403458898120788,USD/bbl,yfinance,ok
brent,2026-02-18,70.3499984741211,67.51000213623047,2.839996337890625,4.206778622462062,USD/bbl,yfinance,ok
brent,2026-02-19,71.66000366210938,70.05000305175781,1.6100006103515625,2.2983590866683934,USD/bbl,yfinance,ok
brent,2026-02-20,71.76000213623047,71.73999786376953,0.0200042724609375,0.0278844062679295,USD/bbl,yfinance,ok
brent,2026-02-23,71.48999786376953,71.23999786376953,0.25,0.3509264563399745,USD/bbl,yfinance,ok
brent,2026-02-24,70.7699966430664,71.47000122070312,-0.7000045776367188,-0.9794383177286758,USD/bbl,yfinance,ok
brent,2026-02-25,70.8499984741211,71.22000122070312,-0.3700027465820312,-0.5195208371808819,USD/bbl,yfinance,ok
brent,2026-02-26,70.75,71.11000061035156,-0.3600006103515625,-0.5062587642548224,USD/bbl,yfinance,ok
brent,2026-02-27,72.4800033569336,70.5,1.9800033569335933,2.8085153999058066,USD/bbl,yfinance,ok
brent,2026-03-02,77.73999786376953,77.0,0.7399978637695312,0.961036186713677,USD/bbl,yfinance,ok
brent,2026-03-03,81.4000015258789,78.05000305175781,3.3499984741210938,4.292118312794411,USD/bbl,yfinance,ok
brent,2026-03-04,81.4000015258789,81.9000015258789,-0.5,-0.6105005991263738,USD/bbl,yfinance,ok
brent,2026-03-05,85.41000366210938,82.43000030517578,2.9800033569335938,3.615192703992359,USD/bbl,yfinance,ok
brent,2026-03-06,92.69000244140624,84.83999633789062,7.850006103515625,9.252718578925387,USD/bbl,yfinance,ok
brent,2026-03-09,98.95999908447266,98.36000061035156,0.5999984741210938,0.6100025115879767,USD/bbl,yfinance,ok
brent,2026-03-10,87.80000305175781,92.4499969482422,-4.649993896484375,-5.029739372612049,USD/bbl,yfinance,ok
brent,2026-03-11,91.9800033569336,91.3000030517578,0.6800003051757812,0.7447976806641401,USD/bbl,yfinance,ok
brent,2026-03-12,100.45999908447266,93.73999786376952,6.720001220703125,7.168766133821731,USD/bbl,yfinance,ok
brent,2026-03-13,103.13999938964844,101.66000366210938,1.4799957275390625,1.4558289142484904,USD/bbl,yfinance,ok
brent,2026-03-16,100.20999908447266,105.51000213623048,-5.3000030517578125,-5.023223338498896,USD/bbl,yfinance,ok
brent,2026-03-17,103.41999816894533,101.37000274658205,2.049995422363281,2.022289993902957,USD/bbl,yfinance,ok
brent,2026-03-18,107.37999725341795,103.4499969482422,3.930000305175781,3.798937091454945,USD/bbl,yfinance,ok
brent,2026-03-19,108.6500015258789,109.66000366210938,-1.0100021362304688,-0.921030551250522,USD/bbl,yfinance,ok
brent,2026-03-20,106.41000366210938,103.20999908447266,3.2000045776367188,3.1004792229652685,USD/bbl,yfinance,ok
brent,2026-03-21,106.41,103.21,3.2,3.1005,USD/bbl,yfinance,ok
btc,2025-12-22,88490.015625,88621.3984375,-131.3828125,-0.1482517933777104,USD,yfinance,ok
btc,2025-12-23,87414.0,88490.03125,-1076.03125,-1.2159914905669107,USD,yfinance,ok
btc,2025-12-24,87611.9609375,87404.3203125,207.640625,0.2375633427016131,USD,yfinance,ok
btc,2025-12-25,87234.7421875,87608.3203125,-373.578125,-0.426418545256252,USD,yfinance,ok
btc,2025-12-26,87301.4296875,87235.5078125,65.921875,0.0755677093571684,USD,yfinance,ok
btc,2025-12-27,87802.15625,87301.4296875,500.7265625,0.5735605525503726,USD,yfinance,ok
btc,2025-12-28,87835.8359375,87799.34375,36.4921875,0.0415631665811852,USD,yfinance,ok
btc,2025-12-29,87138.140625,87835.7890625,-697.6484375,-0.794264439297727,USD,yfinance,ok
btc,2025-12-30,88430.1328125,87134.3515625,1295.78125,1.4871072392964997,USD,yfinance,ok
btc,2025-12-31,87508.828125,88429.5859375,-920.7578125,-1.0412327534257262,USD,yfinance,ok
btc,2026-01-01,88731.984375,87508.046875,1223.9375,1.3986570877856768,USD,yfinance,ok
btc,2026-01-02,89944.6953125,88733.0625,1211.6328125,1.3654806656763367,USD,yfinance,ok
btc,2026-01-03,90603.1875,89945.0546875,658.1328125,0.731705389236328,USD,yfinance,ok
btc,2026-01-04,91413.4921875,90603.0,810.4921875,0.8945533674381643,USD,yfinance,ok
btc,2026-01-05,93882.5546875,91414.625,2467.9296875,2.6997099069213486,USD,yfinance,ok
btc,2026-01-06,93729.03125,93876.9453125,-147.9140625,-0.1575616483979318,USD,yfinance,ok
btc,2026-01-07,91308.0546875,93727.46875,-2419.4140625,-2.5813287126672777,USD,yfinance,ok
btc,2026-01-08,91027.125,91309.640625,-282.515625,-0.3094039392403971,USD,yfinance,ok
btc,2026-01-09,90513.1015625,91026.2734375,-513.171875,-0.5637623684027353,USD,yfinance,ok
btc,2026-01-10,90386.6484375,90510.1015625,-123.453125,-0.1363970682485112,USD,yfinance,ok
btc,2026-01-11,90827.4609375,90385.359375,442.1015625,0.4891296174038142,USD,yfinance,ok
btc,2026-01-12,91192.9921875,90825.859375,367.1328125,0.4042161726036517,USD,yfinance,ok
btc,2026-01-13,95321.78125,91185.3359375,4136.4453125,4.53630539381375,USD,yfinance,ok
btc,2026-01-14,96929.328125,95322.90625,1606.421875,1.6852422342085276,USD,yfinance,ok
btc,2026-01-15,95551.1875,96931.2890625,-1380.1015625,-1.4237936747236788,USD,yfinance,ok
btc,2026-01-16,95525.1171875,95554.1015625,-28.984375,-0.0303329470174986,USD,yfinance,ok
btc,2026-01-17,95099.921875,95525.15625,-425.234375,-0.4451543359815232,USD,yfinance,ok
btc,2026-01-18,93634.4296875,95101.1796875,-1466.75,-1.5423047377747598,USD,yfinance,ok
btc,2026-01-19,92553.59375,93655.671875,-1102.078125,-1.1767339905167915,USD,yfinance,ok
btc,2026-01-20,88310.90625,92553.6015625,-4242.6953125,-4.584041291613027,USD,yfinance,ok
btc,2026-01-21,89376.9609375,88326.5078125,1050.453125,1.1892841130206435,USD,yfinance,ok
btc,2026-01-22,89462.453125,89378.5234375,83.9296875,0.0939036406868925,USD,yfinance,ok
btc,2026-01-23,89503.875,89462.046875,41.828125,0.0467551620615655,USD,yfinance,ok
btc,2026-01-24,89110.734375,89506.1484375,-395.4140625,-0.4417730730264951,USD,yfinance,ok
btc,2026-01-25,86572.21875,89104.765625,-2532.546875,-2.8422125991086684,USD,yfinance,ok
btc,2026-01-26,88267.140625,86566.5234375,1700.6171875,1.9645206021561272,USD,yfinance,ok
btc,2026-01-27,89102.5703125,88257.4765625,845.09375,0.9575321920761496,USD,yfinance,ok
btc,2026-01-28,89184.5703125,89104.046875,80.5234375,0.0903701238317072,USD,yfinance,ok
btc,2026-01-29,84561.5859375,89169.8515625,-4608.265625,-5.167963772789308,USD,yfinance,ok
btc,2026-01-30,84128.65625,84562.7265625,-434.0703125,-0.5133116328494686,USD,yfinance,ok
btc,2026-01-31,78621.1171875,84126.5,-5505.3828125,-6.544171946414032,USD,yfinance,ok
btc,2026-02-01,76974.4453125,78626.125,-1651.6796875,-2.1006754275376025,USD,yfinance,ok
btc,2026-02-02,78688.765625,76968.875,1719.890625,2.2345274307309286,USD,yfinance,ok
btc,2026-02-03,75633.546875,78693.5078125,-3059.9609375,-3.888454108299317,USD,yfinance,ok
btc,2026-02-04,73019.703125,75640.09375,-2620.390625,-3.4642879127843496,USD,yfinance,ok
btc,2026-02-05,62702.09765625,73016.375,-10314.27734375,-14.125978376425834,USD,yfinance,ok
btc,2026-02-06,70555.390625,62704.453125,7850.9375,12.520542176405431,USD,yfinance,ok
btc,2026-02-07,69281.96875,70553.796875,-1271.828125,-1.8026359761378896,USD,yfinance,ok
btc,2026-02-08,70264.7265625,69283.7265625,981.0,1.415916909600773,USD,yfinance,ok
btc,2026-02-09,70120.78125,70243.328125,-122.546875,-0.1744605192708471,USD,yfinance,ok
btc,2026-02-10,68793.9609375,70137.390625,-1343.4296875,-1.915425817140599,USD,yfinance,ok
btc,2026-02-11,66991.96875,68791.859375,-1799.890625,-2.6164296783844563,USD,yfinance,ok
btc,2026-02-12,66221.84375,66992.1953125,-770.3515625,-1.1499124023425769,USD,yfinance,ok
btc,2026-02-13,68857.84375,66213.375,2644.46875,3.993858869148416,USD,yfinance,ok
btc,2026-02-14,69767.625,68856.984375,910.640625,1.3225101756425852,USD,yfinance,ok
btc,2026-02-15,68788.1875,69764.953125,-976.765625,-1.4000806726694122,USD,yfinance,ok
btc,2026-02-16,68843.15625,68782.3984375,60.7578125,0.0883333728980218,USD,yfinance,ok
btc,2026-02-17,67494.21875,68843.09375,-1348.875,-1.9593468662206948,USD,yfinance,ok
btc,2026-02-18,66425.3203125,67488.0234375,-1062.703125,-1.5746543918035458,USD,yfinance,ok
btc,2026-02-19,66957.5234375,66425.625,531.8984375,0.800742842088426,USD,yfinance,ok
btc,2026-02-20,68005.421875,66958.578125,1046.84375,1.5634199221580318,USD,yfinance,ok
btc,2026-02-21,68003.765625,68000.25,3.515625,0.0051700177572876,USD,yfinance,ok
btc,2026-02-22,67659.390625,67998.828125,-339.4375,-0.499181396738225,USD,yfinance,ok
btc,2026-02-23,64616.73828125,67668.4296875,-3051.69140625,-4.509771277895816,USD,yfinance,ok
btc,2026-02-24,64080.04296875,64616.015625,-535.97265625,-0.8294733914893875,USD,yfinance,ok
btc,2026-02-25,67960.125,64077.76953125,3882.35546875,6.058818053672451,USD,yfinance,ok
btc,2026-02-26,67453.7734375,67954.8671875,-501.09375,-0.7373919937440095,USD,yfinance,ok
btc,2026-02-27,65881.796875,67456.515625,-1574.71875,-2.3344205306335075,USD,yfinance,ok
btc,2026-02-28,66995.859375,65878.9296875,1116.9296875,1.6954277988397988,USD,yfinance,ok
btc,2026-03-01,65738.1015625,67005.8828125,-1267.78125,-1.8920446933705564,USD,yfinance,ok
btc,2026-03-02,68775.8515625,65734.078125,3041.7734375,4.627391946861657,USD,yfinance,ok
btc,2026-03-03,68293.6484375,68785.078125,-491.4296875,-0.7144422902405477,USD,yfinance,ok
btc,2026-03-04,72710.578125,68290.5625,4420.015625,6.472366697814211,USD,yfinance,ok
btc,2026-03-05,70841.125,72712.65625,-1871.53125,-2.573872756848984,USD,yfinance,ok
btc,2026-03-06,68136.4921875,70842.15625,-2705.6640625,-3.819285303727609,USD,yfinance,ok
btc,2026-03-07,67272.59375,68136.6875,-864.09375,-1.2681769274445576,USD,yfinance,ok
btc,2026-03-08,65969.78125,67272.5,-1302.71875,-1.9364803597309448,USD,yfinance,ok
btc,2026-03-09,68402.3828125,65969.5859375,2432.796875,3.6877552593779295,USD,yfinance,ok
btc,2026-03-10,69926.921875,68402.71875,1524.203125,2.22827857262618,USD,yfinance,ok
btc,2026-03-11,70204.8828125,69931.25,273.6328125,0.3912883188846188,USD,yfinance,ok
btc,2026-03-12,70493.4609375,70209.765625,283.6953125,0.4040681662651541,USD,yfinance,ok
btc,2026-03-13,70968.265625,70497.046875,471.21875,0.6684233891889532,USD,yfinance,ok
btc,2026-03-14,71214.625,70965.3828125,249.2421875,0.3512165757754468,USD,yfinance,ok
btc,2026-03-15,72789.9140625,71213.6796875,1576.234375,2.213387065402089,USD,yfinance,ok
btc,2026-03-16,74861.0859375,72798.171875,2062.9140625,2.833744322648899,USD,yfinance,ok
btc,2026-03-17,73922.4765625,74855.296875,-932.8203125,-1.2461647357537116,USD,yfinance,ok
btc,2026-03-18,71245.578125,73936.8515625,-2691.2734375,-3.639962184790928,USD,yfinance,ok
btc,2026-03-19,69912.7890625,71250.3515625,-1337.5625,-1.877271438901892,USD,yfinance,ok
btc,2026-03-20,70522.5859375,69911.53125,611.0546875,0.8740399138375331,USD,yfinance,ok
btc,2026-03-21,70438.3203,70517.6172,-79.2969,-0.1124,USD,yfinance,ok
dxy,2025-12-02,99.36000061035156,99.4499969482422,-0.089996337890625,-0.0904940579711256,index,yfinance,ok
dxy,2025-12-03,98.8499984741211,99.27999877929688,-0.4300003051757812,-0.4331187655750156,index,yfinance,ok
dxy,2025-12-04,98.98999786376952,98.91999816894533,0.0699996948242187,0.070763946744789,index,yfinance,ok
dxy,2025-12-05,98.98999786376952,99.04000091552734,-0.0500030517578125,-0.0504877335375439,index,yfinance,ok
dxy,2025-12-08,99.08999633789062,98.97000122070312,0.1199951171875,0.1212439281675978,index,yfinance,ok
dxy,2025-12-09,99.22000122070312,99.0500030517578,0.1699981689453125,0.1716286357472208,index,yfinance,ok
dxy,2025-12-10,98.79000091552734,99.22000122070312,-0.4300003051757812,-0.433380669104505,index,yfinance,ok
dxy,2025-12-11,98.3499984741211,98.55999755859376,-0.2099990844726562,-0.213067258192465,index,yfinance,ok
dxy,2025-12-12,98.4000015258789,98.31999969482422,0.0800018310546875,0.0813688276067997,index,yfinance,ok
dxy,2025-12-15,98.1500015258789,98.4000015258789,-0.25,-0.2540650367106455,index,yfinance,ok
dxy,2025-12-16,98.1500015258789,98.2699966430664,-0.1199951171875,-0.1221075824631835,index,yfinance,ok
dxy,2025-12-17,98.37000274658205,98.20999908447266,0.160003662109375,0.1629199303542933,index,yfinance,ok
dxy,2025-12-18,98.43000030517578,98.37999725341795,0.0500030517578125,0.0508264415062028,index,yfinance,ok
dxy,2025-12-19,98.5999984741211,98.45999908447266,0.1399993896484375,0.1421891031385513,index,yfinance,ok
dxy,2025-12-22,98.29000091552734,98.66999816894533,-0.3799972534179687,-0.3851193477953933,index,yfinance,ok
dxy,2025-12-23,97.94000244140624,98.1999969482422,-0.2599945068359375,-0.2647601984885718,index,yfinance,ok
dxy,2025-12-24,97.9800033569336,97.88999938964844,0.0900039672851562,0.0919439859498802,index,yfinance,ok
dxy,2025-12-26,98.0199966430664,97.91999816894533,0.0999984741210937,0.1021226266248109,index,yfinance,ok
dxy,2025-12-29,98.04000091552734,98.0500030517578,-0.0100021362304687,-0.010201056521323,index,yfinance,ok
dxy,2025-12-30,98.23999786376952,98.01000213623048,0.2299957275390625,0.2346655673156465,index,yfinance,ok
dxy,2025-12-31,98.27999877929688,98.25,0.029998779296875,0.0305331086991094,index,yfinance,ok
dxy,2026-01-02,98.41999816894533,98.23999786376952,0.1800003051757812,0.1832250703276578,index,yfinance,ok
dxy,2026-01-05,98.2699966430664,98.4800033569336,-0.2100067138671875,-0.2132480774863842,index,yfinance,ok
dxy,2026-01-06,98.58000183105467,98.41000366210938,0.1699981689453125,0.172744805019011,index,yfinance,ok
dxy,2026-01-07,98.68000030517578,98.58000183105467,0.0999984741210937,0.1014389047105822,index,yfinance,ok
dxy,2026-01-08,98.93000030517578,98.73999786376952,0.19000244140625,0.192427026045103,index,yfinance,ok
dxy,2026-01-09,99.12999725341795,98.91000366210938,0.2199935913085937,0.222417938695183,index,yfinance,ok
dxy,2026-01-12,98.86000061035156,99.16999816894533,-0.30999755859375,-0.3125920785696097,index,yfinance,ok
dxy,2026-01-13,99.12999725341795,98.9000015258789,0.2299957275390625,0.2325538159662011,index,yfinance,ok
dxy,2026-01-14,99.12999725341795,99.19000244140624,-0.0600051879882812,-0.0604951976120049,index,yfinance,ok
dxy,2026-01-15,99.31999969482422,99.12999725341795,0.19000244140625,0.1916699754570998,index,yfinance,ok
dxy,2026-01-16,99.38999938964844,99.37000274658205,0.0199966430664062,0.0201234200600785,index,yfinance,ok
dxy,2026-01-20,98.63999938964844,99.13999938964844,-0.5,-0.5043373038916993,index,yfinance,ok
dxy,2026-01-21,98.76000213623048,98.61000061035156,0.1500015258789062,0.1521159364673605,index,yfinance,ok
dxy,2026-01-22,98.36000061035156,98.79000091552734,-0.4300003051757812,-0.4352670322813974,index,yfinance,ok
dxy,2026-01-23,97.5999984741211,98.33000183105467,-0.7300033569335938,-0.7424014475132892,index,yfinance,ok
dxy,2026-01-26,97.04000091552734,97.02999877929688,0.0100021362304687,0.0103082926479464,index,yfinance,ok
dxy,2026-01-27,96.22000122070312,97.0500030517578,-0.8300018310546875,-0.8552311230861462,index,yfinance,ok
dxy,2026-01-28,96.4499969482422,95.97000122070312,0.4799957275390625,0.500151840610288,index,yfinance,ok
dxy,2026-01-29,96.27999877929688,96.16000366210938,0.1199951171875,0.1247869307588041,index,yfinance,ok
dxy,2026-01-30,96.98999786376952,96.31999969482422,0.6699981689453125,0.6955961078364861,index,yfinance,ok
dxy,2026-02-02,97.61000061035156,97.19000244140624,0.4199981689453125,0.432141329761279,index,yfinance,ok
dxy,2026-02-03,97.44000244140624,97.5199966430664,-0.0799942016601562,-0.0820285114989734,index,yfinance,ok
dxy,2026-02-04,97.62000274658205,97.43000030517578,0.19000244140625,0.1950143085406071,index,yfinance,ok
dxy,2026-02-05,97.81999969482422,97.66999816894533,0.1500015258789062,0.1535799413238855,index,yfinance,ok
dxy,2026-02-06,97.62999725341795,97.9499969482422,-0.3199996948242187,-0.3266969931538742,index,yfinance,ok
dxy,2026-02-09,96.81999969482422,97.6999969482422,-0.8799972534179688,-0.9007136959115347,index,yfinance,ok
dxy,2026-02-10,96.8000030517578,97.0,-0.1999969482421875,-0.2061824208682345,index,yfinance,ok
dxy,2026-02-11,96.83000183105467,96.91000366210938,-0.0800018310546875,-0.0825527066675442,index,yfinance,ok
dxy,2026-02-12,96.93000030517578,96.95999908447266,-0.029998779296875,-0.0309393353755497,index,yfinance,ok
dxy,2026-02-13,96.87999725341795,96.94000244140624,-0.0600051879882812,-0.0618993052166987,index,yfinance,ok
dxy,2026-02-17,97.16000366210938,97.12000274658205,0.0400009155273437,0.0411871029613943,index,yfinance,ok
dxy,2026-02-18,97.6999969482422,97.13999938964844,0.55999755859375,0.5764850340872302,index,yfinance,ok
dxy,2026-02-19,97.93000030517578,97.7300033569336,0.1999969482421875,0.2046423220837825,index,yfinance,ok
dxy,2026-02-20,97.8000030517578,97.9000015258789,-0.0999984741210937,-0.1021434857635422,index,yfinance,ok
dxy,2026-02-23,97.6999969482422,97.6999969482422,0.0,0.0,index,yfinance,ok
dxy,2026-02-24,97.87999725341795,97.6999969482422,0.1800003051757812,0.1842377797321106,index,yfinance,ok
dxy,2026-02-25,97.6999969482422,97.8499984741211,-0.1500015258789062,-0.1532974228084203,index,yfinance,ok
dxy,2026-02-26,97.79000091552734,97.58999633789062,0.2000045776367187,0.204943729011151,index,yfinance,ok
dxy,2026-02-27,97.61000061035156,97.75,-0.1399993896484375,-0.1432218819932864,index,yfinance,ok
dxy,2026-03-02,98.37999725341795,97.87000274658205,0.5099945068359375,0.5210937902561245,index,yfinance,ok
dxy,2026-03-03,99.0500030517578,98.55999755859376,0.4900054931640625,0.4971646766455682,index,yfinance,ok
dxy,2026-03-04,98.7699966430664,99.11000061035156,-0.3400039672851562,-0.3430571740402597,index,yfinance,ok
dxy,2026-03-05,99.31999969482422,98.7699966430664,0.5500030517578125,0.556852354410222,index,yfinance,ok
dxy,2026-03-06,98.98999786376952,99.01000213623048,-0.0200042724609375,-0.0202042945453259,index,yfinance,ok
dxy,2026-03-09,99.18000030517578,98.86000061035156,0.3199996948242187,0.3236897560677456,index,yfinance,ok
dxy,2026-03-10,98.83000183105467,98.8000030517578,0.029998779296875,0.0303631360022931,index,yfinance,ok
dxy,2026-03-11,99.2300033569336,98.94000244140624,0.2900009155273437,0.2931078515983326,index,yfinance,ok
dxy,2026-03-12,99.73999786376952,99.4499969482422,0.2900009155273437,0.291604750554464,index,yfinance,ok
dxy,2026-03-13,100.36000061035156,99.69000244140624,0.6699981689453125,0.6720816055141641,index,yfinance,ok
dxy,2026-03-16,99.70999908447266,100.43000030517578,-0.720001220703125,-0.7169184690981415,index,yfinance,ok
dxy,2026-03-17,99.58000183105467,99.86000061035156,-0.279998779296875,-0.2803913254411197,index,yfinance,ok
dxy,2026-03-18,100.08999633789062,99.5500030517578,0.5399932861328125,0.5424342235851669,index,yfinance,ok
dxy,2026-03-19,99.2300033569336,100.2300033569336,-1.0,-0.9977052444454728,index,yfinance,ok
dxy,2026-03-20,99.50299835205078,99.29000091552734,0.2129974365234375,0.2145205303247491,index,yfinance,ok
dxy,2026-03-21,99.503,99.29,0.213,0.2145,index,yfinance,ok
global_inflation_proxy,2025-11-10,3.0,3.0,0.0,0.0,%,manual_proxy,ok
global_inflation_proxy,2025-11-11,3.0,3.0,0.0,0.0,%,manual_proxy,ok
global_inflation_proxy,2025-11-12,3.0,3.0,0.0,0.0,%,manual_proxy,ok
global_inflation_proxy,2025-11-13,3.0,3.0,0.0,0.0,%,manual_proxy,ok
global_inflation_proxy,2025-11-14,3.0,3.0,0.0,0.0,%,manual_proxy,ok
global_inflation_proxy,2025-11-17,3.0,3.0,0.0,0.0,%,manual_proxy,ok
global_inflation_proxy,2025-11-18,3.0,3.0,0.0,0.0,%,manual_proxy,ok
global_inflation_proxy,2025-11-19,3.0,3.0,0.0,0.0,%,manual_proxy,ok
global_inflation_proxy,2025-11-20,3.0,3.0,0.0,0.0,%,manual_proxy,ok
global_inflation_proxy,2025-11-21,3.0,3.0,0.0,0.0,%,manual_proxy,ok
global_inflation_proxy,2025-11-24,3.0,3.0,0.0,0.0,%,manual_proxy,ok
global_inflation_proxy,2025-11-25,3.0,3.0,0.0,0.0,%,manual_proxy,ok
global_inflation_proxy,2025-11-26,3.0,3.0,0.0,0.0,%,manual_proxy,ok
global_inflation_proxy,2025-11-27,3.0,3.0,0.0,0.0,%,manual_proxy,ok
global_inflation_proxy,2025-11-28,3.0,3.0,0.0,0.0,%,manual_proxy,ok
global_inflation_proxy,2025-12-01,3.0,3.0,0.0,0.0,%,manual_proxy,ok
global_inflation_proxy,2025-12-02,3.0,3.0,0.0,0.0,%,manual_proxy,ok
global_inflation_proxy,2025-12-03,3.0,3.0,0.0,0.0,%,manual_proxy,ok
global_inflation_proxy,2025-12-04,3.0,3.0,0.0,0.0,%,manual_proxy,ok
global_inflation_proxy,2025-12-05,3.0,3.0,0.0,0.0,%,manual_proxy,ok
global_inflation_proxy,2025-12-08,3.0,3.0,0.0,0.0,%,manual_proxy,ok
global_inflation_proxy,2025-12-09,3.0,3.0,0.0,0.0,%,manual_proxy,ok
global_inflation_proxy,2025-12-10,3.0,3.0,0.0,0.0,%,manual_proxy,ok
global_inflation_proxy,2025-12-11,3.0,3.0,0.0,0.0,%,manual_proxy,ok
global_inflation_proxy,2025-12-12,3.0,3.0,0.0,0.0,%,manual_proxy,ok
global_inflation_proxy,2025-12-15,3.0,3.0,0.0,0.0,%,manual_proxy,ok
global_inflation_proxy,2025-12-16,3.0,3.0,0.0,0.0,%,manual_proxy,ok
global_inflation_proxy,2025-12-17,3.0,3.0,0.0,0.0,%,manual_proxy,ok
global_inflation_proxy,2025-12-18,3.0,3.0,0.0,0.0,%,manual_proxy,ok
global_inflation_proxy,2025-12-19,3.0,3.0,0.0,0.0,%,manual_proxy,ok
global_inflation_proxy,2025-12-22,3.0,3.0,0.0,0.0,%,manual_proxy,ok
global_inflation_proxy,2025-12-23,3.0,3.0,0.0,0.0,%,manual_proxy,ok
global_inflation_proxy,2025-12-24,3.0,3.0,0.0,0.0,%,manual_proxy,ok
global_inflation_proxy,2025-12-25,3.0,3.0,0.0,0.0,%,manual_proxy,ok
global_inflation_proxy,2025-12-26,3.0,3.0,0.0,0.0,%,manual_proxy,ok
global_inflation_proxy,2025-12-27,3.0,3.0,0.0,0.0,%,manual_proxy,ok
global_inflation_proxy,2025-12-28,3.0,3.0,0.0,0.0,%,manual_proxy,ok
global_inflation_proxy,2025-12-29,3.0,3.0,0.0,0.0,%,manual_proxy,ok
global_inflation_proxy,2025-12-30,3.0,3.0,0.0,0.0,%,manual_proxy,ok
global_inflation_proxy,2025-12-31,3.0,3.0,0.0,0.0,%,manual_proxy,ok
global_inflation_proxy,2026-01-01,3.0,3.0,0.0,0.0,%,manual_proxy,ok
global_inflation_proxy,2026-01-02,3.0,3.0,0.0,0.0,%,manual_proxy,ok
global_inflation_proxy,2026-01-03,3.0,3.0,0.0,0.0,%,manual_proxy,ok
global_inflation_proxy,2026-01-04,3.0,3.0,0.0,0.0,%,manual_proxy,ok
global_inflation_proxy,2026-01-05,3.0,3.0,0.0,0.0,%,manual_proxy,ok
global_inflation_proxy,2026-01-06,3.0,3.0,0.0,0.0,%,manual_proxy,ok
global_inflation_proxy,2026-01-07,3.0,3.0,0.0,0.0,%,manual_proxy,ok
global_inflation_proxy,2026-01-08,3.0,3.0,0.0,0.0,%,manual_proxy,ok
global_inflation_proxy,2026-01-09,3.0,3.0,0.0,0.0,%,manual_proxy,ok
global_inflation_proxy,2026-01-10,3.0,3.0,0.0,0.0,%,manual_proxy,ok
global_inflation_proxy,2026-01-11,3.0,3.0,0.0,0.0,%,manual_proxy,ok
global_inflation_proxy,2026-01-12,3.0,3.0,0.0,0.0,%,manual_proxy,ok
global_inflation_proxy,2026-01-13,3.0,3.0,0.0,0.0,%,manual_proxy,ok
global_inflation_proxy,2026-01-14,3.0,3.0,0.0,0.0,%,manual_proxy,ok
global_inflation_proxy,2026-01-15,3.0,3.0,0.0,0.0,%,manual_proxy,ok
global_inflation_proxy,2026-01-16,3.0,3.0,0.0,0.0,%,manual_proxy,ok
global_inflation_proxy,2026-01-17,3.0,3.0,0.0,0.0,%,manual_proxy,ok
global_inflation_proxy,2026-01-18,3.0,3.0,0.0,0.0,%,manual_proxy,ok
global_inflation_proxy,2026-01-19,3.0,3.0,0.0,0.0,%,manual_proxy,ok
global_inflation_proxy,2026-01-20,3.0,3.0,0.0,0.0,%,manual_proxy,ok
global_inflation_proxy,2026-01-21,3.0,3.0,0.0,0.0,%,manual_proxy,ok
global_inflation_proxy,2026-01-22,3.0,3.0,0.0,0.0,%,manual_proxy,ok
global_inflation_proxy,2026-01-23,3.0,3.0,0.0,0.0,%,manual_proxy,ok
global_inflation_proxy,2026-01-24,3.0,3.0,0.0,0.0,%,manual_proxy,ok
global_inflation_proxy,2026-01-25,3.0,3.0,0.0,0.0,%,manual_proxy,ok
global_inflation_proxy,2026-01-26,3.0,3.0,0.0,0.0,%,manual_proxy,ok
global_inflation_proxy,2026-01-27,3.0,3.0,0.0,0.0,%,manual_proxy,ok
global_inflation_proxy,2026-01-28,3.0,3.0,0.0,0.0,%,manual_proxy,ok
global_inflation_proxy,2026-01-29,3.0,3.0,0.0,0.0,%,manual_proxy,ok
global_inflation_proxy,2026-01-30,3.0,3.0,0.0,0.0,%,manual_proxy,ok
global_inflation_proxy,2026-01-31,3.0,3.0,0.0,0.0,%,manual_proxy,ok
global_inflation_proxy,2026-02-01,3.0,3.0,0.0,0.0,%,manual_proxy,ok
global_inflation_proxy,2026-02-02,3.0,3.0,0.0,0.0,%,manual_proxy,ok
global_inflation_proxy,2026-02-03,3.0,3.0,0.0,0.0,%,manual_proxy,ok
global_inflation_proxy,2026-02-04,3.0,3.0,0.0,0.0,%,manual_proxy,ok
global_inflation_proxy,2026-02-05,3.0,3.0,0.0,0.0,%,manual_proxy,ok
global_inflation_proxy,2026-02-06,3.0,3.0,0.0,0.0,%,manual_proxy,ok
global_inflation_proxy,2026-02-07,3.0,3.0,0.0,0.0,%,manual_proxy,ok
global_inflation_proxy,2026-02-08,3.0,3.0,0.0,0.0,%,manual_proxy,ok
global_inflation_proxy,2026-02-09,3.0,3.0,0.0,0.0,%,manual_proxy,ok
global_inflation_proxy,2026-02-10,3.0,3.0,0.0,0.0,%,manual_proxy,ok
global_inflation_proxy,2026-02-11,3.0,3.0,0.0,0.0,%,manual_proxy,ok
global_inflation_proxy,2026-02-12,3.0,3.0,0.0,0.0,%,manual_proxy,ok
global_inflation_proxy,2026-02-13,3.0,3.0,0.0,0.0,%,manual_proxy,ok
global_inflation_proxy,2026-02-14,3.0,3.0,0.0,0.0,%,manual_proxy,ok
global_inflation_proxy,2026-02-15,3.0,3.0,0.0,0.0,%,manual_proxy,ok
global_inflation_proxy,2026-02-16,3.0,3.0,0.0,0.0,%,manual_proxy,ok
global_inflation_proxy,2026-02-17,3.0,3.0,0.0,0.0,%,manual_proxy,ok
global_inflation_proxy,2026-02-18,3.0,3.0,0.0,0.0,%,manual_proxy,ok
global_inflation_proxy,2026-02-19,3.0,3.0,0.0,0.0,%,manual_proxy,ok
global_inflation_proxy,2026-02-20,3.0,3.0,0.0,0.0,%,manual_proxy,ok
global_inflation_proxy,2026-02-21,3.0,3.0,0.0,0.0,%,manual_proxy,ok
global_inflation_proxy,2026-02-22,3.0,3.0,0.0,0.0,%,manual_proxy,ok
global_inflation_proxy,2026-02-23,3.0,3.0,0.0,0.0,%,manual_proxy,ok
global_inflation_proxy,2026-02-24,3.0,3.0,0.0,0.0,%,manual_proxy,ok
global_inflation_proxy,2026-02-25,3.0,3.0,0.0,0.0,%,manual_proxy,ok
global_inflation_proxy,2026-02-26,3.0,3.0,0.0,0.0,%,manual_proxy,ok
global_inflation_proxy,2026-02-27,3.0,3.0,0.0,0.0,%,manual_proxy,ok
global_inflation_proxy,2026-02-28,3.0,3.0,0.0,0.0,%,manual_proxy,ok
global_inflation_proxy,2026-03-01,3.0,3.0,0.0,0.0,%,manual_proxy,ok
global_inflation_proxy,2026-03-02,3.0,3.0,0.0,0.0,%,manual_proxy,ok
global_inflation_proxy,2026-03-03,3.0,3.0,0.0,0.0,%,manual_proxy,ok
global_inflation_proxy,2026-03-04,3.0,3.0,0.0,0.0,%,manual_proxy,ok
global_inflation_proxy,2026-03-05,3.0,3.0,0.0,0.0,%,manual_proxy,ok
global_inflation_proxy,2026-03-06,3.0,3.0,0.0,0.0,%,manual_proxy,ok
global_inflation_proxy,2026-03-07,3.0,3.0,0.0,0.0,%,manual_proxy,ok
global_inflation_proxy,2026-03-08,3.0,3.0,0.0,0.0,%,manual_proxy,ok
global_inflation_proxy,2026-03-09,3.0,3.0,0.0,0.0,%,manual_proxy,ok
global_inflation_proxy,2026-03-10,3.0,3.0,0.0,0.0,%,manual_proxy,ok
global_inflation_proxy,2026-03-11,3.0,3.0,0.0,0.0,%,manual_proxy,ok
global_inflation_proxy,2026-03-12,3.0,3.0,0.0,0.0,%,manual_proxy,ok
global_inflation_proxy,2026-03-13,3.0,3.0,0.0,0.0,%,manual_proxy,ok
global_inflation_proxy,2026-03-14,3.0,3.0,0.0,0.0,%,manual_proxy,ok
global_inflation_proxy,2026-03-15,3.0,3.0,0.0,0.0,%,manual_proxy,ok
global_inflation_proxy,2026-03-16,3.0,3.0,0.0,0.0,%,manual_proxy,ok
global_inflation_proxy,2026-03-17,3.0,3.0,0.0,0.0,%,manual_proxy,ok
global_inflation_proxy,2026-03-18,3.0,3.0,0.0,0.0,%,manual_proxy,ok
global_inflation_proxy,2026-03-19,3.0,3.0,0.0,0.0,%,manual_proxy,ok
global_inflation_proxy,2026-03-20,3.0,3.0,0.0,0.0,%,manual_proxy,ok
global_inflation_proxy,2026-03-21,3.0,3.0,0.0,0.0,%,manual_proxy,ok
gold,2025-12-02,4186.60009765625,4230.5,-43.89990234375,-1.0377000908580547,USD/oz,yfinance,ok
gold,2025-12-03,4199.2998046875,4215.7001953125,-16.400390625,-0.3890312371652006,USD/oz,yfinance,ok
gold,2025-12-04,4211.7998046875,4211.0,0.7998046875,0.0189932245903585,USD/oz,yfinance,ok
gold,2025-12-05,4212.89990234375,4204.10009765625,8.7998046875,0.2093148232223542,USD/oz,yfinance,ok
gold,2025-12-08,4187.2001953125,4205.5,-18.2998046875,-0.4351398094756866,USD/oz,yfinance,ok
gold,2025-12-09,4206.7001953125,4190.7001953125,16.0,0.3817977725511543,USD/oz,yfinance,ok
gold,2025-12-10,4196.39990234375,4209.0,-12.60009765625,-0.2993608376395819,USD/oz,yfinance,ok
gold,2025-12-11,4285.5,4224.0,61.5,1.455965909090909,USD/oz,yfinance,ok
gold,2025-12-12,4300.10009765625,4276.39990234375,23.7001953125,0.5542090509241365,USD/oz,yfinance,ok
gold,2025-12-15,4306.7001953125,4308.2998046875,-1.599609375,-0.0371285529679155,USD/oz,yfinance,ok
gold,2025-12-16,4304.5,4270.5,34.0,0.7961597002692894,USD/oz,yfinance,ok
gold,2025-12-17,4347.5,4308.5,39.0,0.9051874202158524,USD/oz,yfinance,ok
gold,2025-12-18,4339.5,4331.0,8.5,0.1962595243592703,USD/oz,yfinance,ok
gold,2025-12-19,4361.39990234375,4350.10009765625,11.2998046875,0.2597596476823169,USD/oz,yfinance,ok
gold,2025-12-22,4444.60009765625,4371.10009765625,73.5,1.6814988986276047,USD/oz,yfinance,ok
gold,2025-12-23,4482.7998046875,4503.2998046875,-20.5,-0.4552217460330197,USD/oz,yfinance,ok
gold,2025-12-24,4480.60009765625,4500.7001953125,-20.10009765625,-0.4465993464124614,USD/oz,yfinance,ok
gold,2025-12-26,4529.10009765625,4512.0,17.10009765625,0.3789915260693706,USD/oz,yfinance,ok
gold,2025-12-29,4325.10009765625,4371.5,-46.39990234375,-1.0614183310934462,USD/oz,yfinance,ok
gold,2025-12-30,4370.10009765625,4346.39990234375,23.7001953125,0.5452833573762949,USD/oz,yfinance,ok
gold,2025-12-31,4325.60009765625,4333.5,-7.89990234375,-0.1822984272239529,USD/oz,yfinance,ok
gold,2026-01-02,4314.39990234375,4350.60009765625,-36.2001953125,-0.8320736105348255,USD/oz,yfinance,ok
gold,2026-01-05,4436.89990234375,4386.7001953125,50.19970703125,1.144361474369549,USD/oz,yfinance,ok
gold,2026-01-06,4482.2001953125,4449.7001953125,32.5,0.73038628611961,USD/oz,yfinance,ok
gold,2026-01-07,4449.2998046875,4450.0,-0.7001953125,-0.0157347261235955,USD/oz,yfinance,ok
gold,2026-01-08,4449.7001953125,4460.2001953125,-10.5,-0.2354154419130132,USD/oz,yfinance,ok
gold,2026-01-09,4490.2998046875,4473.0,17.2998046875,0.386760668175721,USD/oz,yfinance,ok
gold,2026-01-12,4604.2998046875,4579.10009765625,25.19970703125,0.5503200736788463,USD/oz,yfinance,ok
gold,2026-01-13,4589.2001953125,4578.60009765625,10.60009765625,0.2315139437854838,USD/oz,yfinance,ok
gold,2026-01-14,4626.2998046875,4610.2998046875,16.0,0.3470490136830598,USD/oz,yfinance,ok
gold,2026-01-15,4616.2998046875,4612.89990234375,3.39990234375,0.0737042297844476,USD/oz,yfinance,ok
gold,2026-01-16,4588.39990234375,4608.0,-19.60009765625,-0.4253493414984809,USD/oz,yfinance,ok
gold,2026-01-20,4759.60009765625,4662.2001953125,97.39990234375,2.0891402827720364,USD/oz,yfinance,ok
gold,2026-01-21,4831.7998046875,4863.5,-31.7001953125,-0.6517979914156472,USD/oz,yfinance,ok
gold,2026-01-22,4908.7998046875,4791.89990234375,116.89990234375,2.439531391016191,USD/oz,yfinance,ok
gold,2026-01-23,4976.2001953125,4949.60009765625,26.60009765625,0.5374191274330579,USD/oz,yfinance,ok
gold,2026-01-26,5079.7001953125,5081.5,-1.7998046875,-0.0354187678343008,USD/oz,yfinance,ok
gold,2026-01-27,5079.89990234375,5079.89990234375,0.0,0.0,USD/oz,yfinance,ok
gold,2026-01-28,5301.60009765625,5301.60009765625,0.0,0.0,USD/oz,yfinance,ok
gold,2026-01-29,5318.39990234375,5415.7001953125,-97.30029296875,-1.7966336661871942,USD/oz,yfinance,ok
gold,2026-01-30,4713.89990234375,5376.39990234375,-662.5,-12.322372071154795,USD/oz,yfinance,ok
gold,2026-02-02,4622.5,4807.7001953125,-185.2001953125,-3.852157742553704,USD/oz,yfinance,ok
gold,2026-02-03,4903.7001953125,4680.0,223.7001953125,4.779918703258547,USD/oz,yfinance,ok
gold,2026-02-04,4920.39990234375,4923.2998046875,-2.89990234375,-0.0589015997154791,USD/oz,yfinance,ok
gold,2026-02-05,4861.39990234375,5008.7001953125,-147.30029296875,-2.940888598335436,USD/oz,yfinance,ok
gold,2026-02-06,4951.2001953125,4762.0,189.2001953125,3.973124639069719,USD/oz,yfinance,ok
gold,2026-02-09,5050.89990234375,5017.39990234375,33.5,0.6676764988246469,USD/oz,yfinance,ok
gold,2026-02-10,5003.7998046875,5013.5,-9.7001953125,-0.193481506183305,USD/oz,yfinance,ok
gold,2026-02-11,5071.60009765625,5049.89990234375,21.7001953125,0.4297153553960257,USD/oz,yfinance,ok
gold,2026-02-12,4923.7001953125,5060.39990234375,-136.69970703125,-2.701361743524199,USD/oz,yfinance,ok
gold,2026-02-13,5022.0,4953.0,69.0,1.3930950938824955,USD/oz,yfinance,ok
gold,2026-02-17,4882.89990234375,5020.0,-137.10009765625,-2.731077642554781,USD/oz,yfinance,ok
gold,2026-02-18,4986.5,4872.2001953125,114.2998046875,2.34595870665304,USD/oz,yfinance,ok
gold,2026-02-19,4975.89990234375,5014.7001953125,-38.80029296875,-0.773731059835215,USD/oz,yfinance,ok
gold,2026-02-20,5059.2998046875,5039.5,19.7998046875,0.3928922450143863,USD/oz,yfinance,ok
gold,2026-02-23,5204.7001953125,5120.2998046875,84.400390625,1.6483486093477118,USD/oz,yfinance,ok
gold,2026-02-24,5155.7998046875,5158.7998046875,-3.0,-0.0581530610525741,USD/oz,yfinance,ok
gold,2026-02-25,5206.39990234375,5166.0,40.39990234375,0.7820345014276037,USD/oz,yfinance,ok
gold,2026-02-26,5176.5,5177.2001953125,-0.7001953125,-0.013524594106559,USD/oz,yfinance,ok
gold,2026-02-27,5230.5,5186.7001953125,43.7998046875,0.844463783102101,USD/oz,yfinance,ok
gold,2026-03-02,5294.39990234375,5346.60009765625,-52.2001953125,-0.976325035706011,USD/oz,yfinance,ok
gold,2026-03-03,5107.39990234375,5298.7001953125,-191.30029296875,-3.6103249083234408,USD/oz,yfinance,ok
gold,2026-03-04,5120.2001953125,5130.7001953125,-10.5,-0.2046504297716126,USD/oz,yfinance,ok
gold,2026-03-05,5065.2998046875,5169.5,-104.2001953125,-2.015672604942451,USD/oz,yfinance,ok
gold,2026-03-06,5146.10009765625,5121.0,25.10009765625,0.4901405517721148,USD/oz,yfinance,ok
gold,2026-03-09,5091.5,5155.0,-63.5,-1.2318137730358876,USD/oz,yfinance,ok
gold,2026-03-10,5229.7001953125,5138.2001953125,91.5,1.7807791935291668,USD/oz,yfinance,ok
gold,2026-03-11,5167.39990234375,5190.7998046875,-23.39990234375,-0.4507957005511742,USD/oz,yfinance,ok
gold,2026-03-12,5115.7998046875,5137.2001953125,-21.400390625,-0.4165769253946351,USD/oz,yfinance,ok
gold,2026-03-13,5052.5,5089.60009765625,-37.10009765625,-0.7289393458109708,USD/oz,yfinance,ok
gold,2026-03-16,4994.0,5001.60009765625,-7.60009765625,-0.1519533250931318,USD/oz,yfinance,ok
gold,2026-03-17,5001.0,5017.60009765625,-16.60009765625,-0.3308373990187859,USD/oz,yfinance,ok
gold,2026-03-18,4889.89990234375,4949.60009765625,-59.7001953125,-1.206161995607876,USD/oz,yfinance,ok
gold,2026-03-19,4600.7001953125,4830.2998046875,-229.599609375,-4.753320055872891,USD/oz,yfinance,ok
gold,2026-03-20,4574.89990234375,4653.89990234375,-79.0,-1.697501056269277,USD/oz,yfinance,ok
gold,2026-03-21,4574.8999,4653.8999,-79.0,-1.6975,USD/oz,yfinance,ok
usdcop,2025-11-17,3701.26025390625,3707.383056640625,-6.122802734375,-0.1651516080435201,COP per USD,yfinance,ok
usdcop,2025-11-18,3754.5,3754.5,0.0,0.0,COP per USD,yfinance,ok
usdcop,2025-11-19,3719.800048828125,3719.090087890625,0.7099609375,0.0190896407648644,COP per USD,yfinance,ok
usdcop,2025-11-20,3712.25,3712.25,0.0,0.0,COP per USD,yfinance,ok
usdcop,2025-11-21,3762.169921875,3762.169921875,0.0,0.0,COP per USD,yfinance,ok
usdcop,2025-11-24,3717.585693359375,3781.75,-64.164306640625,-1.696682928290474,COP per USD,yfinance,ok
usdcop,2025-11-25,3791.25,3791.25,0.0,0.0,COP per USD,yfinance,ok
usdcop,2025-11-26,3802.89990234375,3802.89990234375,0.0,0.0,COP per USD,yfinance,ok
usdcop,2025-11-27,3734.6298828125,3734.6298828125,0.0,0.0,COP per USD,yfinance,ok
usdcop,2025-11-28,3743.8798828125,3743.8798828125,0.0,0.0,COP per USD,yfinance,ok
usdcop,2025-12-01,3691.856689453125,3733.219970703125,-41.36328125,-1.1079786772438571,COP per USD,yfinance,ok
usdcop,2025-12-02,3808.39990234375,3808.39990234375,0.0,0.0,COP per USD,yfinance,ok
usdcop,2025-12-03,3816.25,3816.25,0.0,0.0,COP per USD,yfinance,ok
usdcop,2025-12-04,3768.14990234375,3768.14990234375,0.0,0.0,COP per USD,yfinance,ok
usdcop,2025-12-05,3795.239990234375,3795.239990234375,0.0,0.0,COP per USD,yfinance,ok
usdcop,2025-12-08,3755.67138671875,3833.239990234375,-77.568603515625,-2.023578062246038,COP per USD,yfinance,ok
usdcop,2025-12-09,3840.860107421875,3840.860107421875,0.0,0.0,COP per USD,yfinance,ok
usdcop,2025-12-10,3856.6298828125,3856.6298828125,0.0,0.0,COP per USD,yfinance,ok
usdcop,2025-12-11,3840.030029296875,3840.030029296875,0.0,0.0,COP per USD,yfinance,ok
usdcop,2025-12-12,3801.5,3801.5,0.0,0.0,COP per USD,yfinance,ok
usdcop,2025-12-15,3759.907958984375,3800.72998046875,-40.822021484375,-1.0740573967146267,COP per USD,yfinance,ok
usdcop,2025-12-16,3818.070068359375,3818.070068359375,0.0,0.0,COP per USD,yfinance,ok
usdcop,2025-12-17,3839.22998046875,3839.22998046875,0.0,0.0,COP per USD,yfinance,ok
usdcop,2025-12-18,3863.75,3863.75,0.0,0.0,COP per USD,yfinance,ok
usdcop,2025-12-19,3861.9599609375,3861.9599609375,0.0,0.0,COP per USD,yfinance,ok
usdcop,2025-12-22,3817.51416015625,3803.25,14.26416015625,0.3750518676460921,COP per USD,yfinance,ok
usdcop,2025-12-23,3801.2099609375,3801.2099609375,0.0,0.0,COP per USD,yfinance,ok
usdcop,2025-12-24,3754.330078125,3754.330078125,0.0,0.0,COP per USD,yfinance,ok
usdcop,2025-12-26,3742.050048828125,3726.39990234375,15.650146484375,0.4199803267097477,COP per USD,yfinance,ok
usdcop,2025-12-29,3695.25,3695.25,0.0,0.0,COP per USD,yfinance,ok
usdcop,2025-12-30,3729.39990234375,3729.39990234375,0.0,0.0,COP per USD,yfinance,ok
usdcop,2025-12-31,3740.4599609375,3740.4599609375,0.0,0.0,COP per USD,yfinance,ok
usdcop,2026-01-02,3768.2099609375,3769.0,-0.7900390625,-0.0209615033828601,COP per USD,yfinance,ok
usdcop,2026-01-05,3731.327392578125,3772.27001953125,-40.942626953125,-1.0853578015661935,COP per USD,yfinance,ok
usdcop,2026-01-06,3748.3701171875,3748.3701171875,0.0,0.0,COP per USD,yfinance,ok
usdcop,2026-01-07,3711.2900390625,3711.2900390625,0.0,0.0,COP per USD,yfinance,ok
usdcop,2026-01-08,3750.75,3750.75,0.0,0.0,COP per USD,yfinance,ok
usdcop,2026-01-09,3713.510009765625,3713.510009765625,0.0,0.0,COP per USD,yfinance,ok
usdcop,2026-01-12,3670.43359375,3711.64990234375,-41.21630859375,-1.1104578739423576,COP per USD,yfinance,ok
usdcop,2026-01-13,3713.639892578125,3713.639892578125,0.0,0.0,COP per USD,yfinance,ok
usdcop,2026-01-14,3684.860107421875,3684.860107421875,0.0,0.0,COP per USD,yfinance,ok
usdcop,2026-01-15,3671.7900390625,3671.7900390625,0.0,0.0,COP per USD,yfinance,ok
usdcop,2026-01-16,3684.110107421875,3684.110107421875,0.0,0.0,COP per USD,yfinance,ok
usdcop,2026-01-19,3647.150146484375,3689.6201171875,-42.469970703125,-1.1510662169605346,COP per USD,yfinance,ok
usdcop,2026-01-20,3675.5,3675.5,0.0,0.0,COP per USD,yfinance,ok
usdcop,2026-01-21,3674.699951171875,3674.699951171875,0.0,0.0,COP per USD,yfinance,ok
usdcop,2026-01-22,3673.169921875,3673.169921875,0.0,0.0,COP per USD,yfinance,ok
usdcop,2026-01-23,3610.72998046875,3610.72998046875,0.0,0.0,COP per USD,yfinance,ok
usdcop,2026-01-26,3533.49951171875,3574.02001953125,-40.5205078125,-1.133751562416107,COP per USD,yfinance,ok
usdcop,2026-01-27,3681.18994140625,3681.18994140625,0.0,0.0,COP per USD,yfinance,ok
usdcop,2026-01-28,3652.9599609375,3652.9599609375,0.0,0.0,COP per USD,yfinance,ok
usdcop,2026-01-29,3668.610107421875,3668.610107421875,0.0,0.0,COP per USD,yfinance,ok
usdcop,2026-01-30,3652.280029296875,3651.25,1.030029296875,0.0282103196679219,COP per USD,yfinance,ok
usdcop,2026-02-02,3627.567626953125,3668.0,-40.432373046875,-1.102300246643266,COP per USD,yfinance,ok
usdcop,2026-02-03,3619.820068359375,3620.300048828125,-0.47998046875,-0.0132580300603914,COP per USD,yfinance,ok
usdcop,2026-02-04,3644.7099609375,3645.179931640625,-0.469970703125,-0.012892935655812,COP per USD,yfinance,ok
usdcop,2026-02-05,3628.219970703125,3630.330078125,-2.110107421875,-0.058124395756455,COP per USD,yfinance,ok
usdcop,2026-02-06,3698.64990234375,3699.10009765625,-0.4501953125,-0.0121704009249504,COP per USD,yfinance,ok
usdcop,2026-02-09,3657.237060546875,3656.278564453125,0.95849609375,0.0262150729725201,COP per USD,yfinance,ok
usdcop,2026-02-10,3668.260009765625,3668.260009765625,0.0,0.0,COP per USD,yfinance,ok
usdcop,2026-02-11,3663.719970703125,3663.719970703125,0.0,0.0,COP per USD,yfinance,ok
usdcop,2026-02-12,3669.530029296875,3670.7099609375,-1.179931640625,-0.0321445075525293,COP per USD,yfinance,ok
usdcop,2026-02-13,3668.0,3668.0,0.0,0.0,COP per USD,yfinance,ok
usdcop,2026-02-16,3618.32958984375,3664.449951171875,-46.120361328125,-1.2585889271969974,COP per USD,yfinance,ok
usdcop,2026-02-17,3656.070068359375,3656.070068359375,0.0,0.0,COP per USD,yfinance,ok
usdcop,2026-02-18,3663.75,3663.75,0.0,0.0,COP per USD,yfinance,ok
usdcop,2026-02-19,3678.280029296875,3678.280029296875,0.0,0.0,COP per USD,yfinance,ok
usdcop,2026-02-20,3698.7900390625,3698.7900390625,0.0,0.0,COP per USD,yfinance,ok
usdcop,2026-02-23,3647.34814453125,3703.159912109375,-55.811767578125,-1.5071390083809204,COP per USD,yfinance,ok
usdcop,2026-02-24,3691.93994140625,3691.93994140625,0.0,0.0,COP per USD,yfinance,ok
usdcop,2026-02-25,3710.110107421875,3710.110107421875,0.0,0.0,COP per USD,yfinance,ok
usdcop,2026-02-26,3697.68994140625,3697.68994140625,0.0,0.0,COP per USD,yfinance,ok
usdcop,2026-02-27,3764.2900390625,3764.2900390625,0.0,0.0,COP per USD,yfinance,ok
usdcop,2026-03-02,3716.570068359375,3772.919921875,-56.349853515625,-1.493534309830282,COP per USD,yfinance,ok
usdcop,2026-03-03,3770.800048828125,3767.699951171875,3.10009765625,0.0822809060282459,COP per USD,yfinance,ok
usdcop,2026-03-04,3801.260009765625,3800.3798828125,0.880126953125,0.0231589204307032,COP per USD,yfinance,ok
usdcop,2026-03-05,3759.110107421875,3759.110107421875,0.0,0.0,COP per USD,yfinance,ok
usdcop,2026-03-06,3788.47998046875,3788.43994140625,0.0400390625,0.0010568746797959,COP per USD,yfinance,ok
usdcop,2026-03-09,3711.901611328125,3772.919921875,-61.018310546875,-1.6172702259885543,COP per USD,yfinance,ok
usdcop,2026-03-10,3761.830078125,3762.02001953125,-0.18994140625,-0.00504892066666,COP per USD,yfinance,ok
usdcop,2026-03-11,3709.070068359375,3709.14990234375,-0.079833984375,-0.0021523526003776,COP per USD,yfinance,ok
usdcop,2026-03-12,3703.429931640625,3703.429931640625,0.0,0.0,COP per USD,yfinance,ok
usdcop,2026-03-13,3692.56005859375,3692.56005859375,0.0,0.0,COP per USD,yfinance,ok
usdcop,2026-03-16,3638.606689453125,3695.739990234375,-57.13330078125,-1.5459231691682602,COP per USD,yfinance,ok
usdcop,2026-03-17,3702.239990234375,3702.239990234375,0.0,0.0,COP per USD,yfinance,ok
usdcop,2026-03-18,3699.389892578125,3699.389892578125,0.0,0.0,COP per USD,yfinance,ok
usdcop,2026-03-19,3704.31005859375,3704.239990234375,0.070068359375,0.0018915718085146,COP per USD,yfinance,ok
usdcop,2026-03-20,3690.949951171875,3691.090087890625,-0.14013671875,-0.0037966214698944,COP per USD,yfinance,ok
usdcop,2026-03-21,3715.9099,3715.9099,0.0,0.0,COP/USD,yfinance,ok
